{
  "comp": 0.632202076334774,
  "acc": 0.6797545104998521,
  "f1": 0.5018938086017921,
  "down_r": 0.7376580373269115,
  "up_r": 0.6605561597017244,
  "model": 